Index_Number,CE1023,,CS1033,,EE1040,,MA1014,,ME1033,,MT1023,,SGPA,Rank,,,,,,,,,
,Grade,Grade Point,Grade,Grade Point,Grade,Grade Point,Grade,Grade Point,Grade,Grade Point,Grade,Grade Point,,,,,,,,,,,
200086U,A,4,A,4,A-,3.7,,,,,N,0,3.0444,613,,,,,,,,Grade,Grade_Point
200121B,B-,2.7,C+,2.3,A-,3.7,,,,,N,0,2.1889,715,,,,,,,,A+,4
200162B,B,3,C-,1.7,A-,3.7,,,,,B,3,2.7222,669,,,,,,,,A,4
200213J,B+,3.3,A,4,B+,3.3,,,,,N,0,2.8000,655,,,,,,,,A-,3.7
200370K,A+,4,B+,3.3,A,4,,,,,N,0,2.8778,639,,,,,,,,B+,3.3
210001R,A+,4,A-,3.7,A,4,,,,,A+,4,3.9000,156,,,,,,,,B,3
210003B,A,4,A,4,B,3,,,,,A+,4,3.7778,244,,,,,,,,B-,2.7
210004E,A,4,A,4,B,3,,,,,A,4,3.7778,244,,,,,,,,C+,2.3
210005H,A+,4,A-,3.7,A+,4,,,,,A+,4,3.9000,156,,,,,,,,C,2
210006L,A,4,A,4,B+,3.3,,,,,A,4,3.8444,199,,,,,,,,C-,1.7
210007P,A,4,C+,2.3,A-,3.7,,,,,A-,3.7,3.3000,534,,,,,,,,D,1
210008U,A,4,B,3,B,3,,,,,A-,3.7,3.3778,501,,,,,,,,F,0
210009A,B,3,A-,3.7,A-,3.7,,,,,A-,3.7,3.5444,402,,,,,,,,I-we,0
210010T,B+,3.3,A,4,A-,3.7,,,,,A,4,3.7778,244,,,,,,,,I-ca,0
210011X,A+,4,A,4,A+,4,,,,,A+,4,4.0000,1,,,,,,,,N,0
210012C,A+,4,B+,3.3,C+,2.3,,,,,A,4,3.3889,493,,,,,,,,,
210013F,A+,4,B+,3.3,A-,3.7,,,,,A,4,3.7000,316,,,,,,,,,
210014J,A,4,A,4,B,3,,,,,A,4,3.7778,244,,,,,,,,,
210015M,A,4,A,4,A,4,,,,,A+,4,4.0000,1,,,,,,,,,
210016R,I-we,0,C+,2.3,B,3,,,,,A,4,2.3222,704,,,,,,,,,
210017V,A,4,A+,4,A,4,,,,,A+,4,4.0000,1,,,,,,,,,
210018B,A+,4,A,4,A,4,,,,,A,4,4.0000,1,,,,,,,,,
210019E,A+,4,A,4,A-,3.7,,,,,A,4,3.9333,121,,,,,,,,,
210020A,B,3,B,3,B,3,,,,,A,4,3.2222,558,,,,,,,,,
210021D,A,4,B-,2.7,B+,3.3,,,,,A,4,3.4111,483,,,,,,,,,
210022G,A+,4,A,4,A-,3.7,,,,,A+,4,3.9333,121,,,,,,,,,
210023K,A+,4,A-,3.7,A-,3.7,,,,,A+,4,3.8333,214,,,,,,,,,
210024N,A+,4,A,4,A,4,,,,,A+,4,4.0000,1,,,,,,,,,
210025T,A,4,A,4,A,4,,,,,A+,4,4.0000,1,,,,,,,,,
210026X,B,3,A-,3.7,B,3,,,,,A,4,3.4556,457,,,,,,,,,
210027C,A+,4,A,4,A,4,,,,,A,4,4.0000,1,,,,,,,,,
210028F,A,4,A-,3.7,A,4,,,,,A,4,3.9000,156,,,,,,,,,
210029J,A,4,A,4,B+,3.3,,,,,A,4,3.8444,199,,,,,,,,,
210030E,I-we,0,C+,2.3,B+,3.3,,,,,C+,2.3,2.0111,721,,,,,,,,,
210031H,A,4,A,4,A+,4,,,,,A,4,4.0000,1,,,,,,,,,
210032L,B+,3.3,B,3,B,3,,,,,C+,2.3,2.9111,634,,,,,,,,,
210033P,B+,3.3,C+,2.3,C+,2.3,,,,,B-,2.7,2.6111,681,,,,,,,,,
210034U,A-,3.7,A-,3.7,B+,3.3,,,,,A,4,3.6778,341,,,,,,,,,
210035A,A,4,A,4,A+,4,,,,,A,4,4.0000,1,,,,,,,,,
210036D,B,3,A,4,A,4,,,,,A,4,3.7778,244,,,,,,,,,
210037G,A+,4,A,4,A-,3.7,,,,,A,4,3.9333,121,,,,,,,,,
210038K,A,4,B+,3.3,A,4,,,,,B,3,3.5444,402,,,,,,,,,
210039N,A-,3.7,B,3,A,4,,,,,A-,3.7,3.5333,420,,,,,,,,,
210040J,A-,3.7,B-,2.7,B+,3.3,,,,,B,3,3.1222,593,,,,,,,,,
210041M,A+,4,A,4,A,4,,,,,A+,4,4.0000,1,,,,,,,,,
210042R,B+,3.3,B-,2.7,B+,3.3,,,,,A,4,3.2556,549,,,,,,,,,
210043V,B,3,A-,3.7,A,4,,,,,A-,3.7,3.6111,372,,,,,,,,,
210044B,B-,2.7,A-,3.7,B,3,,,,,A,4,3.3889,493,,,,,,,,,
210045E,I-we,0,I-we,0,C+,2.3,,,,,C-,1.7,0.8889,735,,,,,,,,,
210046H,B+,3.3,B,3,A-,3.7,,,,,A,4,3.4444,468,,,,,,,,,
210047L,B,3,B-,2.7,B,3,,,,,B-,2.7,2.8333,642,,,,,,,,,
210048P,B+,3.3,A-,3.7,A,4,,,,,A,4,3.7444,296,,,,,,,,,
210049U,A,4,B+,3.3,A,4,,,,,B+,3.3,3.6111,372,,,,,,,,,
210050N,A,4,B,3,B+,3.3,,,,,A-,3.7,3.4444,468,,,,,,,,,
210051T,B+,3.3,B+,3.3,B+,3.3,,,,,A,4,3.4556,457,,,,,,,,,
210052X,A,4,A,4,A-,3.7,,,,,A,4,3.9333,121,,,,,,,,,
210053C,C+,2.3,C,2,B-,2.7,,,,,B-,2.7,2.3778,701,,,,,,,,,
210054F,A+,4,A,4,A,4,,,,,A,4,4.0000,1,,,,,,,,,
210055J,A+,4,B+,3.3,A,4,,,,,A,4,3.7667,263,,,,,,,,,
210056M,A+,4,B+,3.3,B+,3.3,,,,,A-,3.7,3.5444,402,,,,,,,,,
210057R,A,4,A,4,A-,3.7,,,,,A+,4,3.9333,121,,,,,,,,,
210058V,A+,4,A-,3.7,B+,3.3,,,,,A+,4,3.7444,296,,,,,,,,,
210059B,A+,4,A-,3.7,A,4,,,,,A-,3.7,3.8333,214,,,,,,,,,
210060U,A+,4,A,4,B+,3.3,,,,,A-,3.7,3.7778,244,,,,,,,,,
210061A,B,3,C,2,B,3,,,,,B-,2.7,2.6000,687,,,,,,,,,
210062D,I-we,0,I-we,0,F,0,,,,,I-we,0,0.0000,738,,,,,,,,,
210063G,A+,4,A,4,A+,4,,,,,A+,4,4.0000,1,,,,,,,,,
210064K,B+,3.3,C-,1.7,C,2,,,,,B+,3.3,2.4778,696,,,,,,,,,
210065N,A+,4,B+,3.3,A,4,,,,,A,4,3.7667,263,,,,,,,,,
210066T,B+,3.3,A-,3.7,A-,3.7,,,,,A-,3.7,3.6111,372,,,,,,,,,
210067X,A+,4,B,3,A,4,,,,,A,4,3.6667,354,,,,,,,,,
210068C,A,4,B+,3.3,A,4,,,,,A,4,3.7667,263,,,,,,,,,
210069F,A,4,A,4,A,4,,,,,A,4,4.0000,1,,,,,,,,,
210070B,A-,3.7,C+,2.3,C+,2.3,,,,,B+,3.3,2.8333,642,,,,,,,,,
210071E,A+,4,A,4,A+,4,,,,,A+,4,4.0000,1,,,,,,,,,
210073L,B+,3.3,C+,2.3,B,3,,,,,B-,2.7,2.7667,660,,,,,,,,,
210074P,A,4,C+,2.3,B-,2.7,,,,,B+,3.3,2.9889,619,,,,,,,,,
210075U,B+,3.3,B+,3.3,B-,2.7,,,,,A-,3.7,3.2556,551,,,,,,,,,
210076A,B,3,A-,3.7,B-,2.7,,,,,A-,3.7,3.3222,521,,,,,,,,,
210077D,A+,4,A+,4,A,4,,,,,A,4,4.0000,1,,,,,,,,,
210078G,A,4,C+,2.3,B,3,,,,,A,4,3.2111,573,,,,,,,,,
210079K,A,4,B+,3.3,A,4,,,,,A,4,3.7667,263,,,,,,,,,
210080F,A,4,B,3,B,3,,,,,B+,3.3,3.2889,535,,,,,,,,,
210081J,A,4,A,4,B,3,,,,,A+,4,3.7778,244,,,,,,,,,
210082M,A,4,B+,3.3,B+,3.3,,,,,A,4,3.6111,372,,,,,,,,,
210083R,A-,3.7,B+,3.3,B+,3.3,,,,,B+,3.3,3.3889,493,,,,,,,,,
210084V,B+,3.3,C+,2.3,B+,3.3,,,,,A-,3.7,3.0556,608,,,,,,,,,
210085B,B,3,B-,2.7,B+,3.3,,,,,C+,2.3,2.8111,652,,,,,,,,,
210086E,A,4,A,4,A-,3.7,,,,,B+,3.3,3.7778,244,,,,,,,,,
210087H,A+,4,A-,3.7,B,3,,,,,A-,3.7,3.6111,372,,,,,,,,,
210088L,A+,4,A,4,A,4,,,,,A+,4,4.0000,1,,,,,,,,,
210089P,A,4,A,4,A+,4,,,,,A+,4,4.0000,1,,,,,,,,,
210090K,A,4,B+,3.3,A,4,,,,,A,4,3.7667,263,,,,,,,,,
210091N,B+,3.3,B,3,A,4,,,,,A-,3.7,3.4444,468,,,,,,,,,
210092T,B,3,B,3,A-,3.7,,,,,B-,2.7,3.0889,605,,,,,,,,,
210093X,A,4,B+,3.3,A,4,,,,,A,4,3.7667,263,,,,,,,,,
210094C,C+,2.3,C+,2.3,B-,2.7,,,,,B+,3.3,2.6111,681,,,,,,,,,
210095F,A,4,A-,3.7,A,4,,,,,A,4,3.9000,156,,,,,,,,,
210096J,B+,3.3,A,4,B+,3.3,,,,,A,4,3.6889,340,,,,,,,,,
210097M,A+,4,B+,3.3,A,4,,,,,A,4,3.7667,263,,,,,,,,,
210098R,A+,4,A-,3.7,A-,3.7,,,,,A+,4,3.8333,214,,,,,,,,,
210099V,A,4,A,4,A-,3.7,,,,,A-,3.7,3.8667,195,,,,,,,,,
210100U,A,4,A,4,A,4,,,,,A,4,4.0000,1,,,,,,,,,
210101A,B-,2.7,C-,1.7,B-,2.7,,,,,A-,3.7,2.5889,690,,,,,,,,,
210102D,B+,3.3,A-,3.7,A-,3.7,,,,,A,4,3.6778,341,,,,,,,,,
210103G,B+,3.3,B-,2.7,I-we,0,,,,,B+,3.3,2.3667,702,,,,,,,,,
210104K,B,3,B+,3.3,A,4,,,,,A,4,3.5444,402,,,,,,,,,
210105N,B+,3.3,B-,2.7,B+,3.3,,,,,A,4,3.2556,549,,,,,,,,,
210106T,A+,4,A,4,A+,4,,,,,A,4,4.0000,1,,,,,,,,,
210107X,A+,4,B+,3.3,A+,4,,,,,A,4,3.7667,263,,,,,,,,,
210108C,A,4,A,4,A+,4,,,,,A,4,4.0000,1,,,,,,,,,
210109F,B+,3.3,A-,3.7,A,4,,,,,A,4,3.7444,296,,,,,,,,,
210110B,A,4,A-,3.7,A,4,,,,,A,4,3.9000,156,,,,,,,,,
210111E,B-,2.7,B-,2.7,B+,3.3,,,,,C+,2.3,2.7444,664,,,,,,,,,
210112H,A+,4,A,4,A+,4,,,,,A,4,4.0000,1,,,,,,,,,
210113L,A,4,A-,3.7,A+,4,,,,,A,4,3.9000,156,,,,,,,,,
210114P,A,4,B,3,B+,3.3,,,,,A,4,3.5111,431,,,,,,,,,
210115U,B,3,B-,2.7,B,3,,,,,I-we,0,2.2333,713,,,,,,,,,
210116A,A,4,A-,3.7,B+,3.3,,,,,A,4,3.7444,296,,,,,,,,,
210117D,A-,3.7,C+,2.3,B,3,,,,,C-,1.7,2.6333,679,,,,,,,,,
210118G,B+,3.3,B,3,B,3,,,,,B+,3.3,3.1333,592,,,,,,,,,
210119K,A-,3.7,A,4,A-,3.7,,,,,A,4,3.8667,195,,,,,,,,,
210120F,F,0,F,0,F,0,,,,,F,0,0.0000,738,,,,,,,,,
210121J,B+,3.3,B+,3.3,A+,4,,,,,A,4,3.6111,372,,,,,,,,,
210122M,A,4,B+,3.3,A-,3.7,,,,,A,4,3.7000,316,,,,,,,,,
210123R,B-,2.7,C,2,F,0,,,,,B-,2.7,1.8667,726,,,,,,,,,
210124V,A+,4,A-,3.7,A+,4,,,,,A,4,3.9000,156,,,,,,,,,
210125B,A+,4,A,4,A-,3.7,,,,,A,4,3.9333,121,,,,,,,,,
210126E,B,3,B,3,A-,3.7,,,,,A,4,3.3778,501,,,,,,,,,
210127H,B-,2.7,B-,2.7,B,3,,,,,A,4,3.0556,608,,,,,,,,,
210128L,B-,2.7,C+,2.3,A-,3.7,,,,,A-,3.7,3.0111,615,,,,,,,,,
210129P,A+,4,A,4,A+,4,,,,,A+,4,4.0000,1,,,,,,,,,
210130K,A,4,B,3,B+,3.3,,,,,A,4,3.5111,431,,,,,,,,,
210131N,A+,4,A,4,A,4,,,,,A+,4,4.0000,1,,,,,,,,,
210132T,A,4,B,3,B,3,,,,,A,4,3.4444,468,,,,,,,,,
210133X,A,4,B,3,B+,3.3,,,,,A,4,3.5111,431,,,,,,,,,
210134C,A,4,A,4,A-,3.7,,,,,A+,4,3.9333,121,,,,,,,,,
210135F,B+,3.3,B,3,B-,2.7,,,,,A,4,3.2222,558,,,,,,,,,
210136J,A+,4,B+,3.3,B,3,,,,,A-,3.7,3.4778,445,,,,,,,,,
210137M,A-,3.7,B-,2.7,B-,2.7,,,,,A-,3.7,3.1444,589,,,,,,,,,
210138R,A,4,B+,3.3,A,4,,,,,A-,3.7,3.7000,316,,,,,,,,,
210139V,A,4,B+,3.3,A,4,,,,,A,4,3.7667,263,,,,,,,,,
210140P,A+,4,A,4,A,4,,,,,A,4,4.0000,1,,,,,,,,,
210141U,A+,4,A,4,A+,4,,,,,A,4,4.0000,1,,,,,,,,,
210142A,A+,4,B-,2.7,B+,3.3,,,,,A,4,3.4111,483,,,,,,,,,
210143D,C+,2.3,C+,2.3,C+,2.3,,,,,A-,3.7,2.6111,681,,,,,,,,,
210144G,A-,3.7,A-,3.7,A-,3.7,,,,,A,4,3.7667,263,,,,,,,,,
210145K,A-,3.7,B+,3.3,C,2,,,,,A,4,3.2556,551,,,,,,,,,
210146N,A+,4,A,4,B+,3.3,,,,,A,4,3.8444,199,,,,,,,,,
210147T,C+,2.3,C+,2.3,C+,2.3,,,,,A,4,2.6778,672,,,,,,,,,
210148X,B-,2.7,B,3,B+,3.3,,,,,A,4,3.2222,558,,,,,,,,,
210149C,A,4,A,4,B+,3.3,,,,,A,4,3.8444,199,,,,,,,,,
210150V,A+,4,B,3,A-,3.7,,,,,A,4,3.6000,389,,,,,,,,,
210151B,A,4,A-,3.7,A-,3.7,,,,,A,4,3.8333,214,,,,,,,,,
210152E,A+,4,A-,3.7,A-,3.7,,,,,A,4,3.8333,214,,,,,,,,,
210153H,A+,4,A,4,A,4,,,,,A+,4,4.0000,1,,,,,,,,,
210154L,A-,3.7,B,3,A-,3.7,,,,,A,4,3.5333,420,,,,,,,,,
210155P,F,0,F,0,F,0,,,,,F,0,0.0000,738,,,,,,,,,
210156U,A+,4,A,4,A+,4,,,,,A+,4,4.0000,1,,,,,,,,,
210157A,A+,4,A+,4,A+,4,,,,,A+,4,4.0000,1,,,,,,,,,
210158D,B-,2.7,B,3,B+,3.3,,,,,B-,2.7,2.9333,630,,,,,,,,,
210159G,A,4,A-,3.7,A,4,,,,,A,4,3.9000,156,,,,,,,,,
210160C,A,4,A-,3.7,B,3,,,,,A,4,3.6778,341,,,,,,,,,
210161F,A,4,A,4,A,4,,,,,A,4,4.0000,1,,,,,,,,,
210162J,A-,3.7,B+,3.3,C+,2.3,,,,,B-,2.7,3.0333,614,,,,,,,,,
210163M,A,4,B,3,A-,3.7,,,,,A,4,3.6000,389,,,,,,,,,
210164R,A,4,B-,2.7,B,3,,,,,B+,3.3,3.1889,577,,,,,,,,,
210165V,B,3,A-,3.7,A,4,,,,,A-,3.7,3.6111,372,,,,,,,,,
210166B,A,4,B-,2.7,A,4,,,,,B+,3.3,3.4111,483,,,,,,,,,
210167E,A,4,A,4,C+,2.3,,,,,A,4,3.6222,369,,,,,,,,,
210168H,B+,3.3,B,3,B,3,,,,,A-,3.7,3.2222,558,,,,,,,,,
210169L,A+,4,A-,3.7,B+,3.3,,,,,A+,4,3.7444,296,,,,,,,,,
210170G,A,4,A-,3.7,B+,3.3,,,,,A,4,3.7444,296,,,,,,,,,
210171K,A,4,B+,3.3,B+,3.3,,,,,B+,3.3,3.4556,457,,,,,,,,,
210172N,A+,4,A,4,A-,3.7,,,,,A,4,3.9333,121,,,,,,,,,
210173T,A,4,A+,4,A,4,,,,,A,4,4.0000,1,,,,,,,,,
210174X,A+,4,A,4,A,4,,,,,A+,4,4.0000,1,,,,,,,,,
210175C,A,4,A-,3.7,A,4,,,,,A+,4,3.9000,156,,,,,,,,,
210176F,A+,4,A,4,A-,3.7,,,,,A,4,3.9333,121,,,,,,,,,
210177J,F,0,F,0,F,0,,,,,F,0,0.0000,738,,,,,,,,,
210178M,A+,4,A,4,A-,3.7,,,,,A+,4,3.9333,121,,,,,,,,,
210179R,A,4,A,4,B+,3.3,,,,,A,4,3.8444,199,,,,,,,,,
210180L,A+,4,A,4,A-,3.7,,,,,A,4,3.9333,121,,,,,,,,,
210181P,A,4,B+,3.3,A-,3.7,,,,,A,4,3.7000,316,,,,,,,,,
210182U,A,4,B,3,B-,2.7,,,,,A-,3.7,3.3111,529,,,,,,,,,
210183A,A-,3.7,A-,3.7,A,4,,,,,A,4,3.8333,214,,,,,,,,,
210184D,A+,4,B,3,B,3,,,,,B+,3.3,3.2889,535,,,,,,,,,
210185G,A-,3.7,B-,2.7,B+,3.3,,,,,B+,3.3,3.1889,577,,,,,,,,,
210186K,A,4,A,4,A,4,,,,,A-,3.7,3.9333,121,,,,,,,,,
210187N,C+,2.3,B-,2.7,C+,2.3,,,,,C+,2.3,2.4333,700,,,,,,,,,
210188T,A,4,B,3,B-,2.7,,,,,B+,3.3,3.2222,558,,,,,,,,,
210189X,A+,4,A,4,B+,3.3,,,,,A-,3.7,3.7778,244,,,,,,,,,
210190R,A,4,A,4,B+,3.3,,,,,A,4,3.8444,199,,,,,,,,,
210191V,A-,3.7,B+,3.3,B,3,,,,,A+,4,3.4778,445,,,,,,,,,
210192B,A,4,A,4,A+,4,,,,,A,4,4.0000,1,,,,,,,,,
210193E,C,2,I-we,0,I-we,0,,,,,C+,2.3,0.9556,734,,,,,,,,,
210194H,A-,3.7,A-,3.7,A,4,,,,,A,4,3.8333,214,,,,,,,,,
210195L,A-,3.7,A,4,A+,4,,,,,A+,4,3.9333,121,,,,,,,,,
210196P,B,3,B,3,A,4,,,,,A,4,3.4444,468,,,,,,,,,
210197U,A-,3.7,A-,3.7,A-,3.7,,,,,A+,4,3.7667,263,,,,,,,,,
210198A,A,4,A,4,A+,4,,,,,A+,4,4.0000,1,,,,,,,,,
210199D,A+,4,A-,3.7,A,4,,,,,A,4,3.9000,156,,,,,,,,,
210200C,A+,4,A+,4,A+,4,,,,,A+,4,4.0000,1,,,,,,,,,
210201F,A+,4,A,4,B+,3.3,,,,,A-,3.7,3.7778,244,,,,,,,,,
210202J,A+,4,A,4,A+,4,,,,,A,4,4.0000,1,,,,,,,,,
210203M,A,4,B,3,B-,2.7,,,,,A,4,3.3778,501,,,,,,,,,
210204R,A+,4,B+,3.3,A-,3.7,,,,,A,4,3.7000,316,,,,,,,,,
210205V,A+,4,A-,3.7,A,4,,,,,A,4,3.9000,156,,,,,,,,,
210206B,A+,4,A,4,A,4,,,,,A-,3.7,3.9333,121,,,,,,,,,
210207E,A+,4,A,4,A,4,,,,,A+,4,4.0000,1,,,,,,,,,
210208H,B,3,C+,2.3,B-,2.7,,,,,C+,2.3,2.5444,692,,,,,,,,,
210209L,A+,4,A-,3.7,B,3,,,,,A,4,3.6778,341,,,,,,,,,
210210G,A+,4,A-,3.7,B+,3.3,,,,,A+,4,3.7444,296,,,,,,,,,
210211K,B,3,B+,3.3,B+,3.3,,,,,B+,3.3,3.2333,554,,,,,,,,,
210212N,A+,4,A-,3.7,A,4,,,,,A,4,3.9000,156,,,,,,,,,
210213T,A+,4,A-,3.7,B+,3.3,,,,,A,4,3.7444,296,,,,,,,,,
210214X,A-,3.7,B+,3.3,B,3,,,,,B+,3.3,3.3222,521,,,,,,,,,
210215C,A-,3.7,B+,3.3,A,4,,,,,A,4,3.7000,316,,,,,,,,,
210216F,A+,4,A,4,A,4,,,,,A+,4,4.0000,1,,,,,,,,,
210217J,A+,4,A,4,A+,4,,,,,A+,4,4.0000,1,,,,,,,,,
210218M,A+,4,A+,4,A,4,,,,,A+,4,4.0000,1,,,,,,,,,
210219R,A,4,A-,3.7,A,4,,,,,A,4,3.9000,156,,,,,,,,,
210220L,B-,2.7,D,1,B,3,,,,,B,3,2.2667,708,,,,,,,,,
210221P,A,4,B-,2.7,A-,3.7,,,,,A,4,3.5000,439,,,,,,,,,
210222U,A,4,A,4,A,4,,,,,A,4,4.0000,1,,,,,,,,,
210223A,F,0,F,0,F,0,,,,,F,0,0.0000,738,,,,,,,,,
210224D,A+,4,A,4,A,4,,,,,A+,4,4.0000,1,,,,,,,,,
210225G,A-,3.7,B-,2.7,B+,3.3,,,,,A-,3.7,3.2778,540,,,,,,,,,
210226K,B,3,B+,3.3,B+,3.3,,,,,B,3,3.1667,585,,,,,,,,,
210227N,B,3,B,3,A-,3.7,,,,,A-,3.7,3.3111,529,,,,,,,,,
210228T,B+,3.3,B,3,B-,2.7,,,,,B-,2.7,2.9333,630,,,,,,,,,
210229X,A+,4,A-,3.7,B+,3.3,,,,,A,4,3.7444,296,,,,,,,,,
210230R,A,4,I-we,0,B-,2.7,,,,,A-,3.7,2.3111,705,,,,,,,,,
210231V,B,3,B-,2.7,B-,2.7,,,,,B-,2.7,2.7667,660,,,,,,,,,
210232B,C+,2.3,I-we,0,I-we,0,,,,,I-ca,0,0.5111,737,,,,,,,,,
210233E,C,2,C+,2.3,B-,2.7,,,,,C,2,2.2556,710,,,,,,,,,
210234H,A+,4,A-,3.7,A,4,,,,,A,4,3.9000,156,,,,,,,,,
210235L,B,3,C+,2.3,A,4,,,,,A,4,3.2111,573,,,,,,,,,
210236P,A+,4,A+,4,A+,4,,,,,A+,4,4.0000,1,,,,,,,,,
210237U,A,4,B+,3.3,A,4,,,,,A,4,3.7667,263,,,,,,,,,
210238A,A+,4,A-,3.7,A,4,,,,,A,4,3.9000,156,,,,,,,,,
210239D,A,4,A-,3.7,B,3,,,,,A,4,3.6778,341,,,,,,,,,
210240X,A,4,B+,3.3,A,4,,,,,A-,3.7,3.7000,316,,,,,,,,,
210241C,B,3,B,3,B,3,,,,,B+,3.3,3.0667,607,,,,,,,,,
210242F,A,4,A,4,A+,4,,,,,A,4,4.0000,1,,,,,,,,,
210243J,A+,4,A-,3.7,A,4,,,,,A-,3.7,3.8333,214,,,,,,,,,
210244M,B,3,B+,3.3,B,3,,,,,B,3,3.1000,601,,,,,,,,,
210245R,A,4,B,3,A,4,,,,,B+,3.3,3.5111,431,,,,,,,,,
210246V,A,4,B,3,B+,3.3,,,,,A-,3.7,3.4444,468,,,,,,,,,
210247B,A+,4,B+,3.3,A,4,,,,,A,4,3.7667,263,,,,,,,,,
210248E,A,4,B+,3.3,A-,3.7,,,,,A,4,3.7000,316,,,,,,,,,
210249H,A,4,A-,3.7,A-,3.7,,,,,A-,3.7,3.7667,263,,,,,,,,,
210250D,A+,4,A,4,A,4,,,,,A+,4,4.0000,1,,,,,,,,,
210251G,B-,2.7,B+,3.3,A,4,,,,,A,4,3.4778,445,,,,,,,,,
210252K,A-,3.7,B+,3.3,A,4,,,,,A,4,3.7000,316,,,,,,,,,
210253N,A+,4,A,4,A-,3.7,,,,,A,4,3.9333,121,,,,,,,,,
210254T,A,4,A,4,B+,3.3,,,,,A+,4,3.8444,199,,,,,,,,,
210255X,A,4,B+,3.3,A-,3.7,,,,,A,4,3.7000,316,,,,,,,,,
210256C,B-,2.7,A-,3.7,A,4,,,,,A,4,3.6111,372,,,,,,,,,
210257F,A,4,A-,3.7,A+,4,,,,,A+,4,3.9000,156,,,,,,,,,
210258J,A,4,A,4,A,4,,,,,A,4,4.0000,1,,,,,,,,,
210259M,A-,3.7,C,2,B+,3.3,,,,,C+,2.3,2.7333,667,,,,,,,,,
210260H,B+,3.3,B-,2.7,A,4,,,,,B,3,3.1889,577,,,,,,,,,
210261L,A,4,B,3,B+,3.3,,,,,B+,3.3,3.3556,515,,,,,,,,,
210262P,A,4,A+,4,A,4,,,,,A+,4,4.0000,1,,,,,,,,,
210263U,A-,3.7,C+,2.3,C+,2.3,,,,,B+,3.3,2.8333,642,,,,,,,,,
210264A,A,4,B,3,A,4,,,,,A,4,3.6667,354,,,,,,,,,
210265D,A,4,B+,3.3,A,4,,,,,A,4,3.7667,263,,,,,,,,,
210266G,A,4,A-,3.7,B,3,,,,,A,4,3.6778,341,,,,,,,,,
210267K,A+,4,A,4,A-,3.7,,,,,A+,4,3.9333,121,,,,,,,,,
210268N,A,4,C+,2.3,A-,3.7,,,,,B+,3.3,3.2111,573,,,,,,,,,
210269T,A,4,B-,2.7,B+,3.3,,,,,A,4,3.4111,483,,,,,,,,,
210270M,B,3,B+,3.3,C+,2.3,,,,,A-,3.7,3.1000,601,,,,,,,,,
210271R,A,4,B,3,A,4,,,,,A,4,3.6667,354,,,,,,,,,
210272V,B+,3.3,A,4,A+,4,,,,,A,4,3.8444,199,,,,,,,,,
210273B,A+,4,A+,4,A+,4,,,,,A,4,4.0000,1,,,,,,,,,
210275H,A+,4,B+,3.3,A,4,,,,,A,4,3.7667,263,,,,,,,,,
210276L,B,3,B+,3.3,A-,3.7,,,,,A,4,3.4778,445,,,,,,,,,
210277P,A+,4,A-,3.7,B+,3.3,,,,,A,4,3.7444,296,,,,,,,,,
210278U,A-,3.7,B,3,B,3,,,,,A-,3.7,3.3111,529,,,,,,,,,
210279A,A,4,B,3,A,4,,,,,A,4,3.6667,354,,,,,,,,,
210280T,A-,3.7,B,3,A-,3.7,,,,,A,4,3.5333,420,,,,,,,,,
210281X,A-,3.7,I-we,0,B-,2.7,,,,,A-,3.7,2.2444,711,,,,,,,,,
210282C,A+,4,B+,3.3,A,4,,,,,B+,3.3,3.6111,372,,,,,,,,,
210283F,A,4,B,3,A,4,,,,,A-,3.7,3.6000,389,,,,,,,,,
210284J,B+,3.3,A-,3.7,A,4,,,,,A,4,3.7444,296,,,,,,,,,
210285M,A+,4,B+,3.3,A-,3.7,,,,,A,4,3.7000,316,,,,,,,,,
210286R,B,3,B+,3.3,B+,3.3,,,,,A-,3.7,3.3222,521,,,,,,,,,
210287V,A-,3.7,C,2,B-,2.7,,,,,B-,2.7,2.6889,671,,,,,,,,,
210288B,A,4,C+,2.3,B,3,,,,,B-,2.7,2.9222,633,,,,,,,,,
210289E,A,4,B+,3.3,A-,3.7,,,,,B+,3.3,3.5444,402,,,,,,,,,
210290A,A+,4,B+,3.3,A,4,,,,,A,4,3.7667,263,,,,,,,,,
210291D,B+,3.3,B+,3.3,B+,3.3,,,,,A,4,3.4556,457,,,,,,,,,
210292G,A+,4,A,4,A+,4,,,,,A,4,4.0000,1,,,,,,,,,
210293K,A+,4,A,4,B+,3.3,,,,,A-,3.7,3.7778,244,,,,,,,,,
210294N,A+,4,A-,3.7,A,4,,,,,A-,3.7,3.8333,214,,,,,,,,,
210295T,C+,2.3,B,3,A-,3.7,,,,,A-,3.7,3.1556,587,,,,,,,,,
210296X,A+,4,A-,3.7,A-,3.7,,,,,A,4,3.8333,214,,,,,,,,,
210297C,A-,3.7,A-,3.7,B,3,,,,,A-,3.7,3.5444,402,,,,,,,,,
210298F,B+,3.3,B-,2.7,B-,2.7,,,,,B,3,2.9000,635,,,,,,,,,
210299J,A-,3.7,A-,3.7,A,4,,,,,A-,3.7,3.7667,263,,,,,,,,,
210300H,C+,2.3,B-,2.7,A-,3.7,,,,,A,4,3.1222,593,,,,,,,,,
210301L,A,4,B+,3.3,A-,3.7,,,,,A,4,3.7000,316,,,,,,,,,
210302P,A+,4,A,4,A+,4,,,,,A+,4,4.0000,1,,,,,,,,,
210303U,A+,4,A,4,A+,4,,,,,A+,4,4.0000,1,,,,,,,,,
210304A,A+,4,B+,3.3,B-,2.7,,,,,A,4,3.4778,445,,,,,,,,,
210305D,A+,4,B-,2.7,B-,2.7,,,,,A,4,3.2778,540,,,,,,,,,
210306G,A+,4,A,4,A,4,,,,,A,4,4.0000,1,,,,,,,,,
210307K,A,4,A-,3.7,A-,3.7,,,,,A,4,3.8333,214,,,,,,,,,
210308N,A-,3.7,B,3,B+,3.3,,,,,B,3,3.2222,558,,,,,,,,,
210309T,B+,3.3,B+,3.3,B+,3.3,,,,,A-,3.7,3.3889,493,,,,,,,,,
210310M,B,3,B+,3.3,A-,3.7,,,,,A-,3.7,3.4111,490,,,,,,,,,
210311R,A,4,A-,3.7,B-,2.7,,,,,A-,3.7,3.5444,402,,,,,,,,,
210312V,A-,3.7,A-,3.7,C+,2.3,,,,,A-,3.7,3.3889,493,,,,,,,,,
210313B,A,4,B+,3.3,A,4,,,,,A,4,3.7667,263,,,,,,,,,
210314E,A-,3.7,A,4,B,3,,,,,A+,4,3.7111,312,,,,,,,,,
210315H,A-,3.7,B+,3.3,A,4,,,,,A-,3.7,3.6333,363,,,,,,,,,
210316L,B+,3.3,B+,3.3,A-,3.7,,,,,A,4,3.5444,402,,,,,,,,,
210317P,B,3,B-,2.7,B,3,,,,,A,4,3.1222,593,,,,,,,,,
210318U,A,4,B+,3.3,A,4,,,,,A-,3.7,3.7000,316,,,,,,,,,
210319A,B,3,C,2,A,4,,,,,B+,3.3,2.9556,627,,,,,,,,,
210320T,B+,3.3,B+,3.3,A-,3.7,,,,,B,3,3.3222,521,,,,,,,,,
210321X,A+,4,A-,3.7,A+,4,,,,,A,4,3.9000,156,,,,,,,,,
210322C,C+,2.3,B,3,B-,2.7,,,,,B,3,2.7778,659,,,,,,,,,
210323F,B+,3.3,B+,3.3,B,3,,,,,A,4,3.3889,493,,,,,,,,,
210324J,A-,3.7,B+,3.3,A+,4,,,,,B,3,3.4778,445,,,,,,,,,
210325M,A,4,A,4,A,4,,,,,A+,4,4.0000,1,,,,,,,,,
210326R,B+,3.3,A-,3.7,B+,3.3,,,,,A-,3.7,3.5222,428,,,,,,,,,
210327V,A-,3.7,B,3,B+,3.3,,,,,B+,3.3,3.2889,535,,,,,,,,,
210328B,C+,2.3,C,2,B-,2.7,,,,,A-,3.7,2.6000,687,,,,,,,,,
210329E,A-,3.7,A,4,A,4,,,,,A,4,3.9333,121,,,,,,,,,
210330A,B-,2.7,C+,2.3,B+,3.3,,,,,B,3,2.7667,660,,,,,,,,,
210331D,A-,3.7,B,3,A-,3.7,,,,,A,4,3.5333,420,,,,,,,,,
210332G,A,4,C+,2.3,B+,3.3,,,,,A,4,3.2778,540,,,,,,,,,
210333K,A-,3.7,A-,3.7,B,3,,,,,B+,3.3,3.4556,457,,,,,,,,,
210334N,A-,3.7,B+,3.3,A,4,,,,,A-,3.7,3.6333,363,,,,,,,,,
210335T,A+,4,A,4,B,3,,,,,A,4,3.7778,244,,,,,,,,,
210337C,B,3,B,3,B+,3.3,,,,,A,4,3.2889,535,,,,,,,,,
210338F,A,4,B-,2.7,B+,3.3,,,,,A,4,3.4111,483,,,,,,,,,
210339J,A,4,B,3,A,4,,,,,A,4,3.6667,354,,,,,,,,,
210340E,A,4,A,4,A,4,,,,,A+,4,4.0000,1,,,,,,,,,
210341H,A,4,B+,3.3,A-,3.7,,,,,A,4,3.7000,316,,,,,,,,,
210342L,A-,3.7,A,4,B,3,,,,,A,4,3.7111,312,,,,,,,,,
210343P,A+,4,A+,4,A+,4,,,,,A+,4,4.0000,1,,,,,,,,,
210344U,A-,3.7,A,4,A-,3.7,,,,,A,4,3.8667,195,,,,,,,,,
210345A,A-,3.7,C,2,B-,2.7,,,,,B+,3.3,2.8222,650,,,,,,,,,
210346D,A,4,B+,3.3,A-,3.7,,,,,A,4,3.7000,316,,,,,,,,,
210347G,B-,2.7,C,2,B,3,,,,,C+,2.3,2.4444,698,,,,,,,,,
210348K,A-,3.7,C+,2.3,A-,3.7,,,,,A-,3.7,3.2333,554,,,,,,,,,
210349N,A+,4,A,4,A,4,,,,,A,4,4.0000,1,,,,,,,,,
210350J,A-,3.7,A,4,A,4,,,,,A,4,3.9333,121,,,,,,,,,
210351M,A,4,A,4,A,4,,,,,A,4,4.0000,1,,,,,,,,,
210352R,A,4,A,4,A+,4,,,,,A,4,4.0000,1,,,,,,,,,
210353V,A,4,B+,3.3,A,4,,,,,A-,3.7,3.7000,316,,,,,,,,,
210354B,B+,3.3,C+,2.3,B,3,,,,,C,2,2.6111,681,,,,,,,,,
210355E,A-,3.7,B+,3.3,A-,3.7,,,,,A+,4,3.6333,363,,,,,,,,,
210356H,A,4,B-,2.7,B+,3.3,,,,,B+,3.3,3.2556,548,,,,,,,,,
210357L,A,4,A-,3.7,B,3,,,,,A,4,3.6778,341,,,,,,,,,
210358P,B+,3.3,C+,2.3,B+,3.3,,,,,B+,3.3,2.9667,622,,,,,,,,,
210359U,B+,3.3,C+,2.3,B+,3.3,,,,,B+,3.3,2.9667,622,,,,,,,,,
210360N,B+,3.3,B+,3.3,A-,3.7,,,,,A-,3.7,3.4778,445,,,,,,,,,
210361T,C+,2.3,B+,3.3,B,3,,,,,A-,3.7,3.1000,601,,,,,,,,,
210362X,A+,4,A,4,A-,3.7,,,,,A,4,3.9333,121,,,,,,,,,
210363C,B,3,A,4,A,4,,,,,A,4,3.7778,244,,,,,,,,,
210364F,A+,4,A-,3.7,A,4,,,,,A-,3.7,3.8333,214,,,,,,,,,
210365J,A-,3.7,B+,3.3,A,4,,,,,A,4,3.7000,316,,,,,,,,,
210366M,C+,2.3,I-we,0,I-we,0,,,,,C-,1.7,0.8889,735,,,,,,,,,
210367R,A-,3.7,B,3,A,4,,,,,A,4,3.6000,389,,,,,,,,,
210368V,A+,4,A-,3.7,A,4,,,,,A-,3.7,3.8333,214,,,,,,,,,
210369B,A+,4,A-,3.7,B-,2.7,,,,,B+,3.3,3.4556,457,,,,,,,,,
210370U,A-,3.7,C+,2.3,C,2,,,,,B,3,2.7000,670,,,,,,,,,
210371A,A+,4,A-,3.7,A,4,,,,,A,4,3.9000,156,,,,,,,,,
210372D,A,4,A,4,A,4,,,,,A,4,4.0000,1,,,,,,,,,
210373G,A,4,A,4,B+,3.3,,,,,A,4,3.8444,199,,,,,,,,,
210374K,B+,3.3,B+,3.3,A-,3.7,,,,,A,4,3.5444,402,,,,,,,,,
210375N,B-,2.7,A-,3.7,A-,3.7,,,,,A,4,3.5444,402,,,,,,,,,
210376T,A,4,B+,3.3,A,4,,,,,A+,4,3.7667,263,,,,,,,,,
210377X,B,3,B+,3.3,B+,3.3,,,,,A-,3.7,3.3222,521,,,,,,,,,
210378C,I-we,0,B+,3.3,C,2,,,,,C+,2.3,2.0556,719,,,,,,,,,
210379F,A-,3.7,B-,2.7,C+,2.3,,,,,B-,2.7,2.8333,642,,,,,,,,,
210380B,C+,2.3,B-,2.7,A-,3.7,,,,,A,4,3.1222,593,,,,,,,,,
210381E,B+,3.3,B+,3.3,B+,3.3,,,,,A,4,3.4556,457,,,,,,,,,
210382H,A,4,B,3,A-,3.7,,,,,A-,3.7,3.5333,420,,,,,,,,,
210383L,A,4,A-,3.7,B+,3.3,,,,,A,4,3.7444,296,,,,,,,,,
210384P,A,4,A-,3.7,B,3,,,,,A,4,3.6778,341,,,,,,,,,
210385U,A,4,A-,3.7,A,4,,,,,A,4,3.9000,156,,,,,,,,,
210386A,A+,4,A,4,A+,4,,,,,A,4,4.0000,1,,,,,,,,,
210387D,A,4,A-,3.7,A+,4,,,,,A,4,3.9000,156,,,,,,,,,
210388G,A-,3.7,C,2,B+,3.3,,,,,C+,2.3,2.7333,667,,,,,,,,,
210389K,A-,3.7,B-,2.7,A-,3.7,,,,,A-,3.7,3.3667,512,,,,,,,,,
210390F,A+,4,A,4,A+,4,,,,,A,4,4.0000,1,,,,,,,,,
210391J,A+,4,A,4,A,4,,,,,A+,4,4.0000,1,,,,,,,,,
210392M,B-,2.7,B+,3.3,A-,3.7,,,,,A-,3.7,3.3444,517,,,,,,,,,
210393R,A-,3.7,A-,3.7,B-,2.7,,,,,A,4,3.5444,402,,,,,,,,,
210394V,A-,3.7,B+,3.3,A-,3.7,,,,,A-,3.7,3.5667,400,,,,,,,,,
210395B,B+,3.3,B,3,B+,3.3,,,,,A,4,3.3556,516,,,,,,,,,
210396E,A,4,B,3,A,4,,,,,A+,4,3.6667,354,,,,,,,,,
210397H,B+,3.3,B-,2.7,C+,2.3,,,,,B-,2.7,2.7444,664,,,,,,,,,
210398L,A+,4,B,3,A,4,,,,,A-,3.7,3.6000,389,,,,,,,,,
210399P,A,4,B,3,B,3,,,,,B,3,3.2222,558,,,,,,,,,
210400N,A,4,A-,3.7,A-,3.7,,,,,A-,3.7,3.7667,263,,,,,,,,,
210401T,A+,4,A-,3.7,A-,3.7,,,,,A-,3.7,3.7667,263,,,,,,,,,
210402X,A,4,B,3,A-,3.7,,,,,B+,3.3,3.4444,468,,,,,,,,,
210403C,B+,3.3,A-,3.7,B-,2.7,,,,,A-,3.7,3.3889,493,,,,,,,,,
210404F,A+,4,A+,4,A,4,,,,,A+,4,4.0000,1,,,,,,,,,
210405J,A,4,B+,3.3,B+,3.3,,,,,B+,3.3,3.4556,457,,,,,,,,,
210406M,B+,3.3,A,4,A,4,,,,,A,4,3.8444,199,,,,,,,,,
210407R,A,4,A-,3.7,A,4,,,,,A,4,3.9000,156,,,,,,,,,
210408V,A,4,A-,3.7,B+,3.3,,,,,A,4,3.7444,296,,,,,,,,,
210409B,A-,3.7,B,3,B,3,,,,,B+,3.3,3.2222,558,,,,,,,,,
210410U,I-we,0,B,3,B+,3.3,,,,,C+,2.3,2.2444,712,,,,,,,,,
210411A,A-,3.7,C,2,A-,3.7,,,,,C+,2.3,2.8222,650,,,,,,,,,
210412D,A,4,B+,3.3,B+,3.3,,,,,A,4,3.6111,372,,,,,,,,,
210413G,A+,4,A,4,A-,3.7,,,,,A,4,3.9333,121,,,,,,,,,
210414K,A+,4,B-,2.7,A-,3.7,,,,,A,4,3.5000,439,,,,,,,,,
210415N,A+,4,A,4,A,4,,,,,A,4,4.0000,1,,,,,,,,,
210416T,B+,3.3,B-,2.7,B+,3.3,,,,,A-,3.7,3.1889,577,,,,,,,,,
210417X,A+,4,A,4,A+,4,,,,,A,4,4.0000,1,,,,,,,,,
210418C,A,4,A,4,A,4,,,,,A+,4,4.0000,1,,,,,,,,,
210419F,A,4,A,4,A-,3.7,,,,,A,4,3.9333,121,,,,,,,,,
210420B,A,4,A-,3.7,B+,3.3,,,,,B+,3.3,3.5889,398,,,,,,,,,
210421E,A+,4,A-,3.7,A,4,,,,,A+,4,3.9000,156,,,,,,,,,
210422H,B,3,A,4,A,4,,,,,A,4,3.7778,244,,,,,,,,,
210423L,B+,3.3,B,3,B,3,,,,,A-,3.7,3.2222,558,,,,,,,,,
210424P,B-,2.7,C+,2.3,B-,2.7,,,,,B,3,2.6333,677,,,,,,,,,
210425U,A+,4,A,4,A,4,,,,,A,4,4.0000,1,,,,,,,,,
210426A,A,4,C+,2.3,A-,3.7,,,,,A,4,3.3667,514,,,,,,,,,
210427D,B,3,B-,2.7,B+,3.3,,,,,B-,2.7,2.9000,635,,,,,,,,,
210428G,B+,3.3,C+,2.3,A-,3.7,,,,,A,4,3.2111,573,,,,,,,,,
210429K,A+,4,A-,3.7,A,4,,,,,A,4,3.9000,156,,,,,,,,,
210430F,B,3,B-,2.7,B,3,,,,,B+,3.3,2.9667,622,,,,,,,,,
210431J,B,3,B,3,A,4,,,,,A-,3.7,3.3778,501,,,,,,,,,
210432M,A,4,I-ca,0,A-,3.7,,,,,A,4,2.6000,687,,,,,,,,,
210433R,A,4,A,4,A,4,,,,,A+,4,4.0000,1,,,,,,,,,
210434V,A,4,A,4,A+,4,,,,,A,4,4.0000,1,,,,,,,,,
210435B,A,4,B+,3.3,A,4,,,,,A-,3.7,3.7000,316,,,,,,,,,
210436E,A,4,A,4,B,3,,,,,A+,4,3.7778,244,,,,,,,,,
210437H,A,4,B,3,B+,3.3,,,,,A,4,3.5111,431,,,,,,,,,
210438L,B+,3.3,B,3,B-,2.7,,,,,B,3,3.0000,616,,,,,,,,,
210439P,A,4,B-,2.7,A,4,,,,,A-,3.7,3.5000,439,,,,,,,,,
210440K,A-,3.7,B+,3.3,B,3,,,,,B-,2.7,3.1889,584,,,,,,,,,
210441N,A-,3.7,C+,2.3,A-,3.7,,,,,B+,3.3,3.1444,589,,,,,,,,,
210442T,A,4,B+,3.3,A-,3.7,,,,,A-,3.7,3.6333,363,,,,,,,,,
210443X,B,3,C+,2.3,A,4,,,,,B+,3.3,3.0556,608,,,,,,,,,
210444C,A+,4,C+,2.3,B,3,,,,,B+,3.3,3.0556,608,,,,,,,,,
210445F,A+,4,B+,3.3,B+,3.3,,,,,A,4,3.6111,372,,,,,,,,,
210446J,A,4,A+,4,A+,4,,,,,A,4,4.0000,1,,,,,,,,,
210447M,B+,3.3,B-,2.7,A-,3.7,,,,,B,3,3.1222,593,,,,,,,,,
210448R,B,3,B,3,B+,3.3,,,,,A-,3.7,3.2222,558,,,,,,,,,
210449V,A,4,B+,3.3,B,3,,,,,A,4,3.5444,402,,,,,,,,,
210450P,A+,4,A-,3.7,A+,4,,,,,A,4,3.9000,156,,,,,,,,,
210451U,A,4,A-,3.7,A,4,,,,,A,4,3.9000,156,,,,,,,,,
210452A,A,4,A-,3.7,A-,3.7,,,,,B,3,3.6111,372,,,,,,,,,
210453D,A,4,A,4,A-,3.7,,,,,A+,4,3.9333,121,,,,,,,,,
210454G,A,4,A,4,A+,4,,,,,A+,4,4.0000,1,,,,,,,,,
210455K,I-we,0,B-,2.7,A,4,,,,,B+,3.3,2.5222,693,,,,,,,,,
210456N,B,3,B,3,A,4,,,,,A,4,3.4444,468,,,,,,,,,
210457T,A,4,A,4,A,4,,,,,A,4,4.0000,1,,,,,,,,,
210458X,B+,3.3,C+,2.3,C+,2.3,,,,,C,2,2.4556,697,,,,,,,,,
210459C,B+,3.3,C+,2.3,B-,2.7,,,,,B+,3.3,2.8333,642,,,,,,,,,
210460V,A-,3.7,A-,3.7,A-,3.7,,,,,A,4,3.7667,263,,,,,,,,,
210461B,B+,3.3,B,3,A-,3.7,,,,,A,4,3.4444,468,,,,,,,,,
210462E,A,4,A,4,A,4,,,,,A,4,4.0000,1,,,,,,,,,
210463H,A,4,A,4,A,4,,,,,A+,4,4.0000,1,,,,,,,,,
210464L,C+,2.3,A-,3.7,B+,3.3,,,,,A,4,3.3667,513,,,,,,,,,
210465P,A+,4,A+,4,A+,4,,,,,A+,4,4.0000,1,,,,,,,,,
210466U,A,4,A,4,A+,4,,,,,A+,4,4.0000,1,,,,,,,,,
210467A,A,4,A,4,A,4,,,,,A,4,4.0000,1,,,,,,,,,
210468D,A+,4,C,2,A,4,,,,,A,4,3.3333,520,,,,,,,,,
210469G,A+,4,B+,3.3,A+,4,,,,,A,4,3.7667,263,,,,,,,,,
210470C,A,4,A,4,A,4,,,,,A,4,4.0000,1,,,,,,,,,
210471F,A+,4,A,4,A+,4,,,,,A,4,4.0000,1,,,,,,,,,
210472J,A+,4,A+,4,A,4,,,,,A,4,4.0000,1,,,,,,,,,
210473M,A,4,B,3,A,4,,,,,A-,3.7,3.6000,389,,,,,,,,,
210474R,B+,3.3,A,4,A+,4,,,,,A,4,3.8444,199,,,,,,,,,
210475V,A+,4,B,3,B+,3.3,,,,,A+,4,3.5111,431,,,,,,,,,
210476B,A-,3.7,B,3,A,4,,,,,B+,3.3,3.4444,468,,,,,,,,,
210477E,B,3,C-,1.7,B-,2.7,,,,,C,2,2.2778,707,,,,,,,,,
210478H,I-we,0,C,2,C+,2.3,,,,,C-,1.7,1.5556,729,,,,,,,,,
210479L,A+,4,A+,4,A,4,,,,,A+,4,4.0000,1,,,,,,,,,
210480G,B+,3.3,B,3,A-,3.7,,,,,A,4,3.4444,468,,,,,,,,,
210481K,B+,3.3,A-,3.7,B,3,,,,,C+,2.3,3.1444,589,,,,,,,,,
210482N,A,4,B+,3.3,B+,3.3,,,,,A-,3.7,3.5444,402,,,,,,,,,
210483T,A-,3.7,A-,3.7,A-,3.7,,,,,A,4,3.7667,263,,,,,,,,,
210484X,A,4,B,3,A-,3.7,,,,,A,4,3.6000,389,,,,,,,,,
210485C,A,4,A,4,A-,3.7,,,,,B+,3.3,3.7778,244,,,,,,,,,
210486F,B+,3.3,A,4,A-,3.7,,,,,A-,3.7,3.7111,312,,,,,,,,,
210487J,A,4,B+,3.3,B-,2.7,,,,,A-,3.7,3.4111,490,,,,,,,,,
210488M,A+,4,B+,3.3,A,4,,,,,A,4,3.7667,263,,,,,,,,,
210489R,A-,3.7,B,3,B+,3.3,,,,,A-,3.7,3.3778,501,,,,,,,,,
210490L,A-,3.7,A,4,A,4,,,,,A,4,3.9333,121,,,,,,,,,
210491P,A+,4,A,4,A+,4,,,,,A+,4,4.0000,1,,,,,,,,,
210492U,C+,2.3,B-,2.7,C+,2.3,,,,,B-,2.7,2.5222,693,,,,,,,,,
210493A,A+,4,A,4,A,4,,,,,A,4,4.0000,1,,,,,,,,,
210494D,A-,3.7,B+,3.3,B,3,,,,,A-,3.7,3.4111,490,,,,,,,,,
210495G,A,4,B+,3.3,B+,3.3,,,,,A,4,3.6111,372,,,,,,,,,
210496K,A,4,C-,1.7,A-,3.7,,,,,B,3,2.9444,628,,,,,,,,,
210497N,C+,2.3,C-,1.7,C,2,,,,,B-,2.7,2.1222,718,,,,,,,,,
210498T,A+,4,A-,3.7,A,4,,,,,A+,4,3.9000,156,,,,,,,,,
210499X,A,4,B-,2.7,B,3,,,,,A-,3.7,3.2778,540,,,,,,,,,
210500V,A,4,B+,3.3,A,4,,,,,A,4,3.7667,263,,,,,,,,,
210501B,A,4,B+,3.3,A,4,,,,,A-,3.7,3.7000,316,,,,,,,,,
210502E,B-,2.7,B+,3.3,A,4,,,,,B,3,3.2556,551,,,,,,,,,
210503H,A+,4,A,4,A,4,,,,,A,4,4.0000,1,,,,,,,,,
210504L,A+,4,A,4,A+,4,,,,,A+,4,4.0000,1,,,,,,,,,
210505P,B,3,B+,3.3,B-,2.7,,,,,B+,3.3,3.1000,601,,,,,,,,,
210506U,A,4,A-,3.7,A,4,,,,,A,4,3.9000,156,,,,,,,,,
210507A,A+,4,B,3,B-,2.7,,,,,A,4,3.3778,501,,,,,,,,,
210508D,A+,4,A+,4,A,4,,,,,A,4,4.0000,1,,,,,,,,,
210509G,A,4,B+,3.3,B,3,,,,,B,3,3.3222,521,,,,,,,,,
210510C,B+,3.3,C,2,B-,2.7,,,,,B,3,2.6667,674,,,,,,,,,
210511F,B+,3.3,B-,2.7,B+,3.3,,,,,A-,3.7,3.1889,577,,,,,,,,,
210512J,A-,3.7,B+,3.3,A,4,,,,,A-,3.7,3.6333,363,,,,,,,,,
210513M,A+,4,B+,3.3,B,3,,,,,A,4,3.5444,402,,,,,,,,,
210514R,B+,3.3,B,3,B+,3.3,,,,,C+,2.3,2.9778,620,,,,,,,,,
210515V,A,4,A,4,A,4,,,,,A,4,4.0000,1,,,,,,,,,
210516B,C,2,I-we,0,C+,2.3,,,,,C-,1.7,1.3333,730,,,,,,,,,
210517E,A+,4,A-,3.7,A,4,,,,,A,4,3.9000,156,,,,,,,,,
210518H,A,4,A-,3.7,A+,4,,,,,A,4,3.9000,156,,,,,,,,,
210519L,B+,3.3,B-,2.7,A-,3.7,,,,,A-,3.7,3.2778,540,,,,,,,,,
210520G,A-,3.7,A,4,B+,3.3,,,,,A+,4,3.7778,244,,,,,,,,,
210521K,B+,3.3,A,4,B,3,,,,,A,4,3.6222,369,,,,,,,,,
210522N,B+,3.3,B+,3.3,A,4,,,,,B-,2.7,3.3222,521,,,,,,,,,
210523T,A,4,A,4,A,4,,,,,A,4,4.0000,1,,,,,,,,,
210524X,A-,3.7,C,2,B,3,,,,,A-,3.7,2.9778,620,,,,,,,,,
210525C,B,3,B,3,B,3,,,,,A,4,3.2222,558,,,,,,,,,
210527J,A-,3.7,B,3,A,4,,,,,A-,3.7,3.5333,420,,,,,,,,,
210528M,A-,3.7,B+,3.3,A,4,,,,,B,3,3.4778,445,,,,,,,,,
210529R,A-,3.7,B-,2.7,C+,2.3,,,,,A,4,3.1222,593,,,,,,,,,
210530L,A,4,B+,3.3,B+,3.3,,,,,A,4,3.6111,372,,,,,,,,,
210531P,B-,2.7,A-,3.7,A,4,,,,,A,4,3.6111,372,,,,,,,,,
210532U,A,4,B,3,B+,3.3,,,,,A-,3.7,3.4444,468,,,,,,,,,
210533A,B,3,B-,2.7,C+,2.3,,,,,B,3,2.7444,664,,,,,,,,,
210534D,A+,4,A,4,A,4,,,,,A+,4,4.0000,1,,,,,,,,,
210535G,A+,4,A-,3.7,A-,3.7,,,,,A,4,3.8333,214,,,,,,,,,
210536K,A+,4,A+,4,A+,4,,,,,A+,4,4.0000,1,,,,,,,,,
210537N,A-,3.7,A,4,A,4,,,,,A,4,3.9333,121,,,,,,,,,
210538T,B+,3.3,A,4,B-,2.7,,,,,A,4,3.5556,401,,,,,,,,,
210539X,B-,2.7,C+,2.3,A-,3.7,,,,,B+,3.3,2.9222,632,,,,,,,,,
210540R,A-,3.7,I-we,0,B,3,,,,,B+,3.3,2.2222,714,,,,,,,,,
210541V,A,4,B,3,B-,2.7,,,,,A-,3.7,3.3111,529,,,,,,,,,
210542B,A+,4,A+,4,A,4,,,,,A+,4,4.0000,1,,,,,,,,,
210543E,A-,3.7,B,3,A-,3.7,,,,,A,4,3.5333,420,,,,,,,,,
210544H,I-we,0,C+,2.3,B-,2.7,,,,,B-,2.7,1.9667,722,,,,,,,,,
210545L,A+,4,B,3,A,4,,,,,A-,3.7,3.6000,389,,,,,,,,,
210546P,B+,3.3,B,3,A,4,,,,,A,4,3.5111,431,,,,,,,,,
210547U,A,4,A-,3.7,B+,3.3,,,,,A,4,3.7444,296,,,,,,,,,
210548A,B,3,B,3,C,2,,,,,B+,3.3,2.8444,641,,,,,,,,,
210549D,A+,4,A,4,A,4,,,,,A,4,4.0000,1,,,,,,,,,
210550X,B-,2.7,B-,2.7,B,3,,,,,B+,3.3,2.9000,635,,,,,,,,,
210551C,C+,2.3,B,3,B-,2.7,,,,,C+,2.3,2.6222,680,,,,,,,,,
210552F,A+,4,A-,3.7,A,4,,,,,A,4,3.9000,156,,,,,,,,,
210553J,A+,4,A,4,A,4,,,,,A+,4,4.0000,1,,,,,,,,,
210554M,A+,4,A,4,A+,4,,,,,A+,4,4.0000,1,,,,,,,,,
210555R,C+,2.3,B,3,B-,2.7,,,,,A,4,3.0000,616,,,,,,,,,
210556V,B+,3.3,B-,2.7,C+,2.3,,,,,B,3,2.8111,653,,,,,,,,,
210557B,A-,3.7,A-,3.7,A+,4,,,,,A,4,3.8333,214,,,,,,,,,
210558E,C+,2.3,C+,2.3,B-,2.7,,,,,B+,3.3,2.6111,681,,,,,,,,,
210559H,A+,4,A-,3.7,A,4,,,,,A-,3.7,3.8333,214,,,,,,,,,
210560D,A,4,A-,3.7,A,4,,,,,A,4,3.9000,156,,,,,,,,,
210561G,A,4,B-,2.7,B-,2.7,,,,,A,4,3.2778,540,,,,,,,,,
210562K,A,4,B+,3.3,A,4,,,,,A+,4,3.7667,263,,,,,,,,,
210563N,A-,3.7,B+,3.3,A,4,,,,,I-ca,0,2.8111,654,,,,,,,,,
210564T,A-,3.7,B-,2.7,B-,2.7,,,,,A+,4,3.2111,572,,,,,,,,,
210565X,A,4,B+,3.3,A,4,,,,,A-,3.7,3.7000,316,,,,,,,,,
210566C,B-,2.7,C-,1.7,I-we,0,,,,,B-,2.7,1.7667,727,,,,,,,,,
210567F,A+,4,A-,3.7,B+,3.3,,,,,A,4,3.7444,296,,,,,,,,,
210568J,B,3,A,4,A-,3.7,,,,,A-,3.7,3.6444,362,,,,,,,,,
210569M,A-,3.7,A-,3.7,B,3,,,,,A,4,3.6111,372,,,,,,,,,
210570H,B,3,C+,2.3,C+,2.3,,,,,D,1,2.1667,716,,,,,,,,,
210571L,A-,3.7,A,4,A-,3.7,,,,,A,4,3.8667,195,,,,,,,,,
210572P,A+,4,A,4,A+,4,,,,,A,4,4.0000,1,,,,,,,,,
210573U,A-,3.7,C-,1.7,B-,2.7,,,,,B,3,2.6556,676,,,,,,,,,
210574A,A+,4,A,4,A,4,,,,,A+,4,4.0000,1,,,,,,,,,
210575D,A,4,B+,3.3,A-,3.7,,,,,A+,4,3.7000,316,,,,,,,,,
210576G,B-,2.7,C+,2.3,B-,2.7,,,,,B-,2.7,2.5667,691,,,,,,,,,
210577K,A-,3.7,A+,4,A+,4,,,,,A+,4,3.9333,121,,,,,,,,,
210578N,B-,2.7,C+,2.3,C+,2.3,,,,,B+,3.3,2.6111,681,,,,,,,,,
210579T,A+,4,A,4,A+,4,,,,,A,4,4.0000,1,,,,,,,,,
210580M,A,4,A,4,B-,2.7,,,,,A,4,3.7111,312,,,,,,,,,
210581R,A,4,A-,3.7,A-,3.7,,,,,A,4,3.8333,214,,,,,,,,,
210582V,B,3,B,3,A-,3.7,,,,,B,3,3.1556,587,,,,,,,,,
210583B,A+,4,A,4,A-,3.7,,,,,A,4,3.9333,121,,,,,,,,,
210584E,A,4,B,3,C+,2.3,,,,,B-,2.7,3.0000,616,,,,,,,,,
210585H,A,4,A-,3.7,A,4,,,,,A,4,3.9000,156,,,,,,,,,
210586L,C,2,F,0,C,2,,,,,C,2,1.3333,730,,,,,,,,,
210587P,A+,4,A-,3.7,A-,3.7,,,,,A,4,3.8333,214,,,,,,,,,
210588U,A,4,A,4,A,4,,,,,B+,3.3,3.8444,199,,,,,,,,,
210589A,A,4,B-,2.7,A-,3.7,,,,,A,4,3.5000,439,,,,,,,,,
210590T,A,4,A-,3.7,A-,3.7,,,,,A,4,3.8333,214,,,,,,,,,
210591X,B,3,B,3,A-,3.7,,,,,A,4,3.3778,501,,,,,,,,,
210592C,A,4,A,4,A-,3.7,,,,,A,4,3.9333,121,,,,,,,,,
210593F,I-we,0,C+,2.3,B-,2.7,,,,,B-,2.7,1.9667,722,,,,,,,,,
210594J,A+,4,B+,3.3,A,4,,,,,A-,3.7,3.7000,316,,,,,,,,,
210595M,A,4,B,3,A,4,,,,,A+,4,3.6667,354,,,,,,,,,
210596R,A,4,B-,2.7,A-,3.7,,,,,A,4,3.5000,439,,,,,,,,,
210597V,A+,4,B-,2.7,A-,3.7,,,,,B+,3.3,3.3444,517,,,,,,,,,
210598B,A-,3.7,A-,3.7,B+,3.3,,,,,A,4,3.6778,341,,,,,,,,,
210599E,A+,4,A,4,A,4,,,,,A,4,4.0000,1,,,,,,,,,
210600D,A,4,A-,3.7,A,4,,,,,A+,4,3.9000,156,,,,,,,,,
210601G,B-,2.7,C+,2.3,C+,2.3,,,,,A,4,2.7667,660,,,,,,,,,
210602K,A,4,B+,3.3,B+,3.3,,,,,B+,3.3,3.4556,457,,,,,,,,,
210603N,A-,3.7,B+,3.3,B+,3.3,,,,,B+,3.3,3.3889,493,,,,,,,,,
210604T,B-,2.7,B+,3.3,A,4,,,,,A,4,3.4778,445,,,,,,,,,
210605X,A+,4,A-,3.7,A,4,,,,,A,4,3.9000,156,,,,,,,,,
210606C,B,3,B,3,B+,3.3,,,,,A-,3.7,3.2222,558,,,,,,,,,
210607F,A,4,A,4,A-,3.7,,,,,A,4,3.9333,121,,,,,,,,,
210608J,A+,4,A,4,A,4,,,,,A+,4,4.0000,1,,,,,,,,,
210609M,A,4,A,4,A-,3.7,,,,,A,4,3.9333,121,,,,,,,,,
210610H,A,4,A,4,A+,4,,,,,A+,4,4.0000,1,,,,,,,,,
210611L,C+,2.3,A-,3.7,A-,3.7,,,,,A,4,3.4556,457,,,,,,,,,
210612P,A,4,A-,3.7,A,4,,,,,A,4,3.9000,156,,,,,,,,,
210613U,A,4,A-,3.7,A,4,,,,,A,4,3.9000,156,,,,,,,,,
210614A,A-,3.7,A-,3.7,A-,3.7,,,,,A-,3.7,3.7000,316,,,,,,,,,
210615D,A,4,B+,3.3,B,3,,,,,A-,3.7,3.4778,445,,,,,,,,,
210616G,B+,3.3,B-,2.7,A-,3.7,,,,,B+,3.3,3.1889,577,,,,,,,,,
210617K,B+,3.3,A-,3.7,B+,3.3,,,,,A-,3.7,3.5222,428,,,,,,,,,
210618N,B,3,B+,3.3,A,4,,,,,A-,3.7,3.4778,445,,,,,,,,,
210619T,I-we,0,I-we,0,F,0,,,,,F,0,0.0000,738,,,,,,,,,
210620M,A+,4,A,4,A,4,,,,,A,4,4.0000,1,,,,,,,,,
210621R,A+,4,A-,3.7,A,4,,,,,A+,4,3.9000,156,,,,,,,,,
210622V,A,4,B+,3.3,B,3,,,,,A,4,3.5444,402,,,,,,,,,
210623B,A+,4,B,3,B,3,,,,,A-,3.7,3.3778,501,,,,,,,,,
210624E,A+,4,A+,4,A+,4,,,,,A+,4,4.0000,1,,,,,,,,,
210625H,A,4,A-,3.7,A,4,,,,,A+,4,3.9000,156,,,,,,,,,
210626L,A,4,A-,3.7,A-,3.7,,,,,B+,3.3,3.6778,341,,,,,,,,,
210627P,A,4,B+,3.3,B+,3.3,,,,,A,4,3.6111,372,,,,,,,,,
210628U,A-,3.7,C,2,B,3,,,,,B+,3.3,2.8889,638,,,,,,,,,
210629A,A+,4,A,4,A,4,,,,,A+,4,4.0000,1,,,,,,,,,
210630T,A+,4,B+,3.3,B-,2.7,,,,,A,4,3.4778,445,,,,,,,,,
210631X,A-,3.7,B+,3.3,A-,3.7,,,,,A,4,3.6333,363,,,,,,,,,
210632C,A-,3.7,B,3,B,3,,,,,A,4,3.3778,501,,,,,,,,,
210633F,B-,2.7,B,3,B,3,,,,,A-,3.7,3.0889,605,,,,,,,,,
210634J,B-,2.7,C+,2.3,B,3,,,,,B-,2.7,2.6333,677,,,,,,,,,
210635M,B+,3.3,B-,2.7,B-,2.7,,,,,A,4,3.1222,593,,,,,,,,,
210636R,A+,4,A-,3.7,A+,4,,,,,A-,3.7,3.8333,214,,,,,,,,,
210637V,A,4,B,3,B+,3.3,,,,,A,4,3.5111,431,,,,,,,,,
210638B,B+,3.3,B,3,A-,3.7,,,,,A,4,3.4444,468,,,,,,,,,
210639E,A,4,A-,3.7,B,3,,,,,A,4,3.6778,341,,,,,,,,,
210640A,A,4,A,4,A-,3.7,,,,,A,4,3.9333,121,,,,,,,,,
210641D,A-,3.7,A,4,B,3,,,,,B,3,3.4889,444,,,,,,,,,
210642G,A+,4,B+,3.3,A+,4,,,,,A,4,3.7667,263,,,,,,,,,
210643K,B+,3.3,B-,2.7,A-,3.7,,,,,A-,3.7,3.2778,540,,,,,,,,,
210644N,B,3,A-,3.7,C+,2.3,,,,,A-,3.7,3.2333,554,,,,,,,,,
210645T,A,4,B,3,B-,2.7,,,,,A-,3.7,3.3111,529,,,,,,,,,
210646X,A,4,B-,2.7,B,3,,,,,B+,3.3,3.1889,577,,,,,,,,,
210647C,A+,4,A+,4,A,4,,,,,A,4,4.0000,1,,,,,,,,,
210648F,A,4,A,4,A-,3.7,,,,,A,4,3.9333,121,,,,,,,,,
210649J,B+,3.3,B-,2.7,A,4,,,,,A,4,3.4111,483,,,,,,,,,
210650E,B-,2.7,B-,2.7,B+,3.3,,,,,B+,3.3,2.9667,622,,,,,,,,,
210651H,A+,4,A-,3.7,A,4,,,,,A,4,3.9000,156,,,,,,,,,
210652L,A+,4,A,4,B+,3.3,,,,,A+,4,3.8444,199,,,,,,,,,
210653P,A,4,A-,3.7,A,4,,,,,A-,3.7,3.8333,214,,,,,,,,,
210654U,A+,4,A-,3.7,A,4,,,,,A-,3.7,3.8333,214,,,,,,,,,
210655A,A+,4,A,4,A,4,,,,,A,4,4.0000,1,,,,,,,,,
210656D,A-,3.7,A,4,A+,4,,,,,B+,3.3,3.7778,244,,,,,,,,,
210657G,A+,4,A+,4,A,4,,,,,A,4,4.0000,1,,,,,,,,,
210658K,C+,2.3,C-,1.7,C,2,,,,,C+,2.3,2.0333,720,,,,,,,,,
210659N,A+,4,B+,3.3,A+,4,,,,,A,4,3.7667,263,,,,,,,,,
210660J,B+,3.3,C,2,B+,3.3,,,,,B+,3.3,2.8667,640,,,,,,,,,
210661M,A+,4,A-,3.7,A-,3.7,,,,,A,4,3.8333,214,,,,,,,,,
210662R,A,4,A-,3.7,A,4,,,,,A-,3.7,3.8333,214,,,,,,,,,
210663V,A+,4,A-,3.7,A-,3.7,,,,,A,4,3.8333,214,,,,,,,,,
210664B,A-,3.7,A,4,A+,4,,,,,A,4,3.9333,121,,,,,,,,,
210665E,A+,4,A+,4,B+,3.3,,,,,A,4,3.8444,199,,,,,,,,,
210666H,A,4,A-,3.7,A-,3.7,,,,,A-,3.7,3.7667,263,,,,,,,,,
210667L,A-,3.7,B-,2.7,A-,3.7,,,,,A,4,3.4333,481,,,,,,,,,
210668P,A,4,A,4,A,4,,,,,A,4,4.0000,1,,,,,,,,,
210669U,A+,4,A,4,A,4,,,,,A,4,4.0000,1,,,,,,,,,
210670N,A,4,A+,4,A-,3.7,,,,,A,4,3.9333,121,,,,,,,,,
210671T,B,3,B,3,A-,3.7,,,,,B+,3.3,3.2222,558,,,,,,,,,
210672X,B+,3.3,B,3,A,4,,,,,B,3,3.2889,535,,,,,,,,,
210673C,A,4,A-,3.7,B,3,,,,,A+,4,3.6778,341,,,,,,,,,
210674F,A,4,B,3,A-,3.7,,,,,A-,3.7,3.5333,420,,,,,,,,,
210675J,A+,4,A-,3.7,B+,3.3,,,,,A-,3.7,3.6778,341,,,,,,,,,
210676M,A+,4,A,4,A+,4,,,,,A+,4,4.0000,1,,,,,,,,,
210677R,B+,3.3,B-,2.7,B-,2.7,,,,,B+,3.3,2.9667,622,,,,,,,,,
210678V,B-,2.7,C,2,B+,3.3,,,,,B,3,2.6667,674,,,,,,,,,
210679B,A,4,A,4,A+,4,,,,,A,4,4.0000,1,,,,,,,,,
210680U,F,0,F,0,F,0,,,,,F,0,0.0000,738,,,,,,,,,
210681A,B,3,B-,2.7,B-,2.7,,,,,B,3,2.8333,642,,,,,,,,,
210682D,A+,4,A,4,A+,4,,,,,A+,4,4.0000,1,,,,,,,,,
210683G,B,3,C+,2.3,C+,2.3,,,,,B+,3.3,2.6778,672,,,,,,,,,
210684K,B+,3.3,A-,3.7,B,3,,,,,A-,3.7,3.4556,457,,,,,,,,,
210685N,A+,4,A+,4,A,4,,,,,A+,4,4.0000,1,,,,,,,,,
210686T,A,4,A,4,A,4,,,,,A,4,4.0000,1,,,,,,,,,
210687X,A+,4,A,4,A+,4,,,,,A+,4,4.0000,1,,,,,,,,,
210688C,A-,3.7,A-,3.7,A-,3.7,,,,,A,4,3.7667,263,,,,,,,,,
210689F,A-,3.7,B-,2.7,B,3,,,,,A,4,3.2778,540,,,,,,,,,
210690B,A,4,A,4,A-,3.7,,,,,A,4,3.9333,121,,,,,,,,,
210691E,A,4,B,3,B-,2.7,,,,,A,4,3.3778,501,,,,,,,,,
210692H,A-,3.7,B-,2.7,B+,3.3,,,,,B-,2.7,3.0556,608,,,,,,,,,
210693L,B+,3.3,C,2,C+,2.3,,,,,B-,2.7,2.5111,695,,,,,,,,,
210694P,C,2,C,2,C+,2.3,,,,,B+,3.3,2.3556,703,,,,,,,,,
210695U,A+,4,A-,3.7,A-,3.7,,,,,A-,3.7,3.7667,263,,,,,,,,,
210696A,A-,3.7,B,3,A,4,,,,,A,4,3.6000,389,,,,,,,,,
210697D,A,4,A-,3.7,A-,3.7,,,,,A,4,3.8333,214,,,,,,,,,
210698G,B+,3.3,B-,2.7,B-,2.7,,,,,B-,2.7,2.8333,642,,,,,,,,,
210699K,A+,4,A-,3.7,A-,3.7,,,,,A,4,3.8333,214,,,,,,,,,
210700J,B,3,B+,3.3,A,4,,,,,A,4,3.5444,402,,,,,,,,,
210701M,A,4,B-,2.7,A-,3.7,,,,,A-,3.7,3.4333,482,,,,,,,,,
210702R,B,3,B,3,A-,3.7,,,,,A,4,3.3778,501,,,,,,,,,
210703V,A,4,A,4,A,4,,,,,A,4,4.0000,1,,,,,,,,,
210704B,I-we,0,B,3,C,2,,,,,A-,3.7,2.2667,708,,,,,,,,,
210705E,A-,3.7,A-,3.7,A-,3.7,,,,,A-,3.7,3.7000,316,,,,,,,,,
210706H,A-,3.7,B+,3.3,A,4,,,,,B+,3.3,3.5444,402,,,,,,,,,
210707L,A,4,A,4,A,4,,,,,A,4,4.0000,1,,,,,,,,,
210708P,A+,4,A,4,A-,3.7,,,,,B+,3.3,3.7778,244,,,,,,,,,
210709U,B,3,C,2,B+,3.3,,,,,B+,3.3,2.8000,655,,,,,,,,,
210710N,A+,4,A,4,A,4,,,,,A+,4,4.0000,1,,,,,,,,,
210711T,A+,4,A-,3.7,A-,3.7,,,,,A+,4,3.8333,214,,,,,,,,,
210712X,B-,2.7,C,2,C,2,,,,,B-,2.7,2.3111,705,,,,,,,,,
210713C,B,3,B+,3.3,C+,2.3,,,,,B,3,2.9444,628,,,,,,,,,
210714F,A+,4,A,4,A,4,,,,,A,4,4.0000,1,,,,,,,,,
210715J,A,4,B-,2.7,B+,3.3,,,,,A,4,3.4111,483,,,,,,,,,
210716M,A-,3.7,B-,2.7,B+,3.3,,,,,A,4,3.3444,517,,,,,,,,,
210717R,A-,3.7,B-,2.7,C+,2.3,,,,,A,4,3.1222,593,,,,,,,,,
210718V,C+,2.3,C+,2.3,C,2,,,,,C,2,2.1667,716,,,,,,,,,
210719B,A+,4,A,4,A,4,,,,,A,4,4.0000,1,,,,,,,,,
210720U,A+,4,A+,4,A+,4,,,,,A+,4,4.0000,1,,,,,,,,,
210721A,B,3,A-,3.7,B+,3.3,,,,,A,4,3.5222,428,,,,,,,,,
210722D,A-,3.7,C+,2.3,B-,2.7,,,,,B-,2.7,2.7889,658,,,,,,,,,
210723G,B,3,B+,3.3,B+,3.3,,,,,A-,3.7,3.3222,521,,,,,,,,,
210724K,A+,4,A,4,A,4,,,,,A,4,4.0000,1,,,,,,,,,
210725N,B,3,C,2,B-,2.7,,,,,C+,2.3,2.4444,698,,,,,,,,,
210726T,A+,4,A-,3.7,A-,3.7,,,,,A,4,3.8333,214,,,,,,,,,
210727X,B-,2.7,B+,3.3,B+,3.3,,,,,B+,3.3,3.1667,585,,,,,,,,,
210728C,A+,4,A,4,A-,3.7,,,,,A,4,3.9333,121,,,,,,,,,
210729F,A+,4,B,3,B+,3.3,,,,,B-,2.7,3.2222,558,,,,,,,,,
210730B,A,4,A-,3.7,B+,3.3,,,,,A,4,3.7444,296,,,,,,,,,
210731E,I-we,0,C-,1.7,C,2,,,,,I-we,0,1.0111,733,,,,,,,,,
210732H,A+,4,A-,3.7,A-,3.7,,,,,A,4,3.8333,214,,,,,,,,,
210733L,A+,4,B,3,A,4,,,,,A,4,3.6667,354,,,,,,,,,
210734P,A+,4,A,4,B+,3.3,,,,,A,4,3.8444,199,,,,,,,,,
210735U,B+,3.3,A,4,B,3,,,,,A,4,3.6222,369,,,,,,,,,
210736A,A-,3.7,C+,2.3,C+,2.3,,,,,B+,3.3,2.8333,642,,,,,,,,,
210737D,C+,2.3,C+,2.3,I-we,0,,,,,B-,2.7,1.8778,725,,,,,,,,,
210738G,A,4,B+,3.3,C+,2.3,,,,,B+,3.3,3.2333,554,,,,,,,,,
210739K,I-we,0,C-,1.7,C,2,,,,,B-,2.7,1.6111,728,,,,,,,,,
210740F,A-,3.7,A-,3.7,B,3,,,,,A-,3.7,3.5444,402,,,,,,,,,
210741J,I-we,0,D,1,C,2,,,,,C+,2.3,1.2889,732,,,,,,,,,
210742M,A,4,B-,2.7,A,4,,,,,A,4,3.5667,399,,,,,,,,,
210743R,B+,3.3,C,2,B,3,,,,,B+,3.3,2.8000,655,,,,,,,,,
210744V,B-,2.7,C+,2.3,I-we,0,,,,,B-,2.7,1.9667,722,,,,,,,,,